DAM;test
M0538OCALM35R;image_1
M0505SLOIM989,M0505SNEAM900;image_2
M0505OCALM398;image_3
M9203UWDIM59E;image_4
M9203UMOSM747;image_5
KDB704LNYS26U;image_6
S2110UMOSM900;image_7
M0531NWDDM900;image_8
S5475ZRHMM918;image_9
M1286ZRHMM918;image_10
EVDRS1UQRB0G0,EVDRSUQRB0G0;image_11
M0446CWVGM900,M0446CCEHM900;image_12
30MTSUR14A0;image_13
30MNTGNSZJ1I;image_14
M0538BCALM900,M0565OCEAM900;image_15
M9242UTHRM928;image_16
KDI613VEAS900,KDI717VEAS900;image_17
KCK311VEAS10W;image_18
KCK278BCRS29W,KCK278BCRS31W;image_19
KCK304CVES03W;image_20
KCK233TOKS56B;image_21
KCK211DLPS26U;image_22
KCK231TLCS900;image_23
no_match;image_24
30MTS3UXR12A1;image_25
DSGTB1UXR10A0;image_26
DSGTA1UXR10A0;image_27
BOBYR1UXR42FR;image_28
DSGTS1UXR10A0;image_29
DSGTS2UXR20B0;image_30
DSGTS1UXR20B0;image_31
BOBYR1UXR10A0;image_32
DSGTR1UXR26A1;image_33
30MTSUMR41A0;image_34
EVDRAUQRB0B0;image_35
M9203SBAVM989;image_36
M9203IBAVM50P,M9203JKARM49P,M9208JKARM49P;image_37
M9203UTFQM928;image_38
M9203UYECM90B,M9204UMOSM49E;image_39
M0446CBAAM030;image_40
M0446ILLOM50P;image_41
M1265ZTDTM16E;image_42
S5475ZRHMM918;image_43
M9203ULERXM334,M9203UMOSM02E;image_44
M0565OWCBM900;image_45
M9242UWHCM35U;image_46
M9242BWDEM090;image_47
CD040110M0020000;image_48
CD040110A0010000;image_49
CD040110M0030000;image_50
111P38A6805X0861;image_51
M0505PCALM010,M0538BCALM030;image_52
M0565OSJBM932,M0565OWCBM900,M0538BCALM900;image_53
KCK327NVCS92Z;image_54
KCK299CNFS900,KCK311VEAS900;image_55
KCK325VEAS19O;image_56
KCQ390VEAS54H;image_57
KCQ266VEAS900;image_58
KDB578TJES36W;image_59
KDP916LNYS27G;image_60
KDP882EMRS900;image_61
KDI611SCNS52X;image_62
KDC201VNRS33R;image_63
KDB717ACAS44W;image_64
KDI607VSOS900;image_65
KDI613VEAS900;image_66
KCI717VEAS900;image_67
KCI675SCRS52X;image_68
KCK177CVAS06W,KCK304CVES03W;image_69
KCK177CVAS12X;image_70
KCK211DAMS17X;image_71
KCK318CMPS10W;image_72
30MNTGN8072K,30MTSUR14A0;image_73
DSGTR1UXR10A0;image_74
DSGTS6UXR20B0;image_75
SOSTELAIR1SZJ86;image_76
SOSTELAIR1807YB;image_77
DSGTS6UXR10A0;image_78
S5652CBAAM41G;image_79
S5652CCEHM900,S5673CBAAM900;image_80
